,name,LTE,year,weight,display_type,screen_size,ppi,cpu_ghz,ram,internal,camera,front_cam,blth_v,battery,price
0,Acer Chromebook Tab 10,0,"2018, March",544.3 g (1.20 lb),"IPS LCD capacitive touchscreen, 16M colors","9.7 inches, 291.4 cm2 (~71.0% screen-to-body ratio)","1536 x 2048 pixels, 4:3 ratio (~264 ppi density)",Hexa-core (4x Cortex-A53 & 2x Cortex-A72),"32 GB, 4 GB RAM","32 GB, 4 GB RAM",5 MP,2 MP,"4.1, A2DP, LE",Non-removable Li-Po 4500 mAh battery (34 Wh),About 330 EUR
1,Acer Iconia Talk S,1,"2016, August",260 g (9.17 oz),"IPS LCD capacitive touchscreen, 16M colors","7.0 inches, 135.1 cm2 (~69.8% screen-to-body ratio)","720 x 1280 pixels, 16:9 ratio (~210 ppi density)",Quad-core 1.3 GHz Cortex-A53,"16/32 GB, 2 GB RAM","16/32 GB, 2 GB RAM","13 MP, AF",2 MP,"4.0, A2DP",Non-removable Li-Ion 3400 mAh battery (12.92 Wh),About 170 EUR
2,Acer Liquid Z6 Plus,1,"2016, August",169 g (5.96 oz),"IPS LCD capacitive touchscreen, 16M colors","5.5 inches, 83.4 cm2 (~71.7% screen-to-body ratio)","1080 x 1920 pixels, 16:9 ratio (~401 ppi density)",Octa-core 1.3 GHz Cortex-A53,"32 GB, 3 GB RAM","32 GB, 3 GB RAM","13 MP, AF",5 MP,"4.0, A2DP",Non-removable Li-Po 4080 mAh battery,About 250 EUR
3,Acer Liquid Z6,1,"2016, August",126 g (4.44 oz),"IPS LCD capacitive touchscreen, 16M colors","5.0 inches, 68.9 cm2 (~65.3% screen-to-body ratio)","720 x 1280 pixels, 16:9 ratio (~294 ppi density)",Quad-core 1.25 GHz Cortex-A53,"8 GB, 1 GB RAM","8 GB, 1 GB RAM","8 MP, AF",2 MP,"4.0, A2DP",Removable Li-Ion 2000 mAh battery,About 120 EUR
4,Acer Iconia Tab 10 A3-A40,0,"2016, April",-,"IPS LCD capacitive touchscreen, 16M colors","10.1 inches, 295.8 cm2 (~68.4% screen-to-body ratio)","1920 x 1200 pixels, 16:10 ratio (~224 ppi density)",Quad-core 1.3 GHz Cortex-A53,"16/32/64 GB, 2 GB RAM","16/32/64 GB, 2 GB RAM",5 MP,2 MP,"4.0, A2DP",Non-removable Li-Ion 6100 mAh battery,About 230 EUR
5,Acer Liquid X2,1,"2015, April",166 g (5.86 oz),"IPS LCD capacitive touchscreen, 16M colors","5.5 inches, 83.4 cm2 (~69.0% screen-to-body ratio)","720 x 1280 pixels, 16:9 ratio (~267 ppi density)",Octa-core 1.3 GHz Cortex-A53,"32 GB, 3 GB RAM","32 GB, 3 GB RAM","13 MP, AF,","13 MP, f/1","4.0, A2DP, LE",Removable Li-Po 4020 mAh battery,About 230 EUR
6,Acer Liquid Jade 2,1,"2016, February",150 g (5.29 oz),"Super AMOLED capacitive touchscreen, 16M colors","5.5 inches, 83.4 cm2 (~70.2% screen-to-body ratio)","1080 x 1920 pixels, 16:9 ratio (~401 ppi density)",Hexa-core (4x1.4 GHz Cortex-A53 & 2x1.8 GHz Cortex-A57),"32 GB, 3 GB RAM","32 GB, 3 GB RAM","21 MP, AF",8 MP,"4.0, A2DP, LE",Non-removable Li-Po 3000 mAh battery,
7,Acer Liquid Zest Plus,1,"2016, April",-,"IPS LCD capacitive touchscreen, 16M colors","5.5 inches, 83.4 cm2 (~70.3% screen-to-body ratio)","720 x 1280 pixels, 16:9 ratio (~267 ppi density)",Quad-core 1.3 GHz Cortex-A53,"16 GB, 2 GB RAM","16 GB, 2 GB RAM","13 MP, PDA",5 MP,"4.0, A2DP",Non-removable Li-Ion 5000 mAh battery,About 200 EUR
8,Acer Liquid Zest,1,"2016, February",125 g (4.41 oz),"IPS LCD capacitive touchscreen, 16M colors","5.0 inches, 68.9 cm2 (~66.4% screen-to-body ratio)","720 x 1280 pixels, 16:9 ratio (~294 ppi density)",Quad-core 1.3 GHz - Z525Quad-core 1.0 GHz - Z528,"8 GB, 1 GB RAM","8 GB, 1 GB RAM","8 MP, AF, ",5 MP,"4.0, A2DP",Removable Li-Ion 2000 mAh battery,About 110 EUR
9,Acer Predator 8,0,"2015, September",353.8 g (12.49 oz),"IPS LCD capacitive touchscreen, 16M colors","8.0 inches, 185.6 cm2 (~67.1% screen-to-body ratio)","1920 x 1200 pixels, 16:10 ratio (~283 ppi density)",Quad-core 1.6 GHz,"32/64 GB, 2 GB RAM","32/64 GB, 2 GB RAM",5 MP,2 MP,"4.0, A2DP, LE",Non-removable Li-Po 4420 mAh battery,About 350 EUR
10,Acer Liquid Jade Primo,1,"2015, September",150 g (5.29 oz),"AMOLED capacitive touchscreen, 16M colors","5.5 inches, 83.4 cm2 (~70.2% screen-to-body ratio)","1080 x 1920 pixels, 16:9 ratio (~401 ppi density)",Hexa-core (4x1.4 GHz Cortex-A53 & 2x1.8 GHz Cortex-A57),"32 GB, 3 GB RAM","32 GB, 3 GB RAM","21 MP, AF,","8 MP, f/2.","4.0, A2DP, LE, EDR",Non-removable Li-Po 2870 mAh battery,About 220 EUR
11,Acer Liquid Z330,1,"2015, September",142 g (5.01 oz),"IPS LCD capacitive touchscreen, 16M colors","4.5 inches, 55.8 cm2 (~61.7% screen-to-body ratio)","480 x 854 pixels, 16:9 ratio (~218 ppi density)",Quad-core 1.1 GHz Cortex-A7,"8 GB, 1 GB RAM","8 GB, 1 GB RAM","5 MP, AF",5 MP,"4.0, A2DP",Removable Li-Ion 2000 mAh battery,About 110 EUR
12,Acer Liquid Z320,0,"2015, September",142 g (5.01 oz),"IPS LCD capacitive touchscreen, 16M colors","4.5 inches, 55.8 cm2 (~61.7% screen-to-body ratio)","480 x 854 pixels, 16:9 ratio (~218 ppi density)",Quad-core 1.0 GHz Cortex-A7,"8 GB, 1 GB RAM","8 GB, 1 GB RAM","5 MP, AF",2 MP,"4.0, A2DP",Removable Li-Po 2000 mAh battery,About 90 EUR
13,Acer Liquid Z630S,1,"2015, September",165 g (5.82 oz),"IPS LCD capacitive touchscreen, 16M colors","5.5 inches, 83.4 cm2 (~68.8% screen-to-body ratio)","720 x 1280 pixels, 16:9 ratio (~267 ppi density)",Octa-core 1.3 GHz Cortex-A53,"32 GB, 3 GB RAM","32 GB, 3 GB RAM","8 MP, AF",8 MP,"4.0, A2DP",Removable Li-Po 4000 mAh battery (15.2 Wh),
14,Acer Liquid Z630,1,"2015, September",165 g (5.82 oz),"IPS LCD capacitive touchscreen, 16M colors","5.5 inches, 83.4 cm2 (~68.8% screen-to-body ratio)","720 x 1280 pixels, 16:9 ratio (~267 ppi density)",Quad-core 1.3 GHz Cortex-A53,"8 GB, 1 GB RAM16 GB, 2 GB RAM","8 GB, 1 GB RAM16 GB, 2 GB RAM","8 MP, AF",8 MP,"4.0, A2DP",Removable Li-Ion 4000 mAh battery,About 200 EUR
15,Acer Liquid Z530S,1,"2015, September",145 g (5.11 oz),"IPS LCD capacitive touchscreen, 16M colors","5.0 inches, 68.9 cm2 (~68.1% screen-to-body ratio)","720 x 1280 pixels, 16:9 ratio (~294 ppi density)",Octa-core 1.3 GHz Cortex-A53,"32 GB, 3 GB RAM","32 GB, 3 GB RAM","8 MP, AF",8 MP,"4.0, A2DP",Removable Li-Ion 2420 mAh battery,
16,Acer Liquid Z530,1,"2015, September",145 g (5.11 oz),"IPS LCD capacitive touchscreen, 16M colors","5.0 inches, 68.9 cm2 (~68.1% screen-to-body ratio)","720 x 1280 pixels, 16:9 ratio (~294 ppi density)",Quad-core 1.3 GHz Cortex-A53,"8 GB, 1 GB RAM16 GB, 2 GB RAM","8 GB, 1 GB RAM16 GB, 2 GB RAM","8 MP, AF",8 MP,"4.0, A2DP",Removable Li-Ion 2420 mAh battery,About 150 EUR
17,Acer Liquid M330,1,"2015, September",142 g (5.01 oz),"IPS LCD capacitive touchscreen, 16M colors","4.5 inches, 55.8 cm2 (~61.7% screen-to-body ratio)","480 x 854 pixels, 16:9 ratio (~218 ppi density)",Quad-core 1.0 GHz Cortex-A7,"8 GB, 1 GB RAM","8 GB, 1 GB RAM","5 MP, AF",5 MP,"4.0, A2DP",Removable Li-Ion 2000 mAh battery,
18,Acer Liquid M320,0,"2015, September",142 g (5.01 oz),"IPS LCD capacitive touchscreen, 16M colors","4.5 inches, 55.8 cm2 (~61.7% screen-to-body ratio)","480 x 854 pixels, 16:9 ratio (~218 ppi density)",Quad-core 1.1 GHz Cortex-A7,"8 GB, 1 GB RAM","8 GB, 1 GB RAM","5 MP, AF",2 MP,"4.0, A2DP",Removable Li-Ion 2000 mAh battery,
19,Acer Iconia Tab 10 A3-A30,0,"2015, April",540 g (1.19 lb),"LED-backlit IPS LCD capacitive touchscreen, 16M colors","10.1 inches, 295.8 cm2 (~64.6% screen-to-body ratio)","1920 x 1200 pixels, 16:10 ratio (~224 ppi density)",Quad-core 1.33 GHz,"16/32/64 GB, 2 GB RAM","16/32/64 GB, 2 GB RAM",5 MP,2 MP,"4.0, A2DP",Non-removable Li-Ion 5910 mAh battery (22 Wh),About 250 EUR
20,Acer Iconia One 8 B1-820,0,"2015, April",355 g (12.52 oz),IPS LCD capacitive touchscreen,"8.0 inches, 185.6 cm2 (~67.9% screen-to-body ratio)","800 x 1280 pixels, 16:10 ratio (~189 ppi density)",Quad-core 1.33 GHz,"16/32 GB, 1 GB RAM","16/32 GB, 1 GB RAM",5 MP,VGA,"4.0, A2DP",Non-removable Li-Ion 4550 mAh battery (17.2 Wh),About 180 EUR
21,Acer Iconia Tab A3-A20,0,"2014, October",508 g (1.12 lb),"LED-backlit IPS LCD capacitive touchscreen, 16M colors","10.1 inches, 295.8 cm2 (~67.8% screen-to-body ratio)","1280 x 800 pixels, 16:10 ratio (~149 ppi density)",Quad-core 1.3 GHz Cortex-A7,"16 GB, 1 GB RAM","16 GB, 1 GB RAM","5 MP, AF",2 MP,"4.0, A2DP",Non-removable Li-Po 5910 mAh battery (A3-A20-K1AY),About 190 EUR
22,Acer Iconia Tab A3-A20FHD,0,"2014, October",508 g (1.12 lb),"LED-backlit IPS LCD capacitive touchscreen, 16M colors","10.1 inches, 295.8 cm2 (~67.8% screen-to-body ratio)","1920 x 1200 pixels, 16:10 ratio (~224 ppi density)",Quad-core 1.5 GHz Cortex-A7,"32 GB, 2 GB RAM","32 GB, 2 GB RAM","5 MP, AF",2 MP,"4.0, A2DP",Non-removable Li-Po 5910 mAh battery (A3-A20FHD-K8KX),About 230 EUR
23,Acer Liquid Jade Z,1,"2015, March",110 g (3.88 oz),"IPS LCD capacitive touchscreen, 16M colors","5.0 inches, 68.9 cm2 (~68.8% screen-to-body ratio)","720 x 1280 pixels, 16:9 ratio (~294 ppi density)",Quad-core 1.5 GHz Cortex-A53,"8 GB, 1 GB RAM - Liquid Jade Z16 GB, 2 GB RAM - Liquid Jade Z Plus","8 GB, 1 GB RAM - Liquid Jade Z16 GB, 2 GB RAM - Liquid Jade Z Plus","13 MP, AF,",5 MP,"4.0, A2DP, EDR",Non-removable Li-Po 2300 mAh battery,About 200 EUR
24,Acer Liquid Z520,0,"2015, March",118 g (4.16 oz),TFT capacitive touchscreen,"5.0 inches, 75.7 cm2 (~57.1% screen-to-body ratio)","480 x 854 pixels, 16:9 ratio (~187 ppi density)",Quad-core 1.3 GHz Cortex-A7,"8 GB, 1 GB RAM16 GB, 2 GB RAM","8 GB, 1 GB RAM16 GB, 2 GB RAM","8 MP, AF",2 MP,"4.0, A2DP",Removable Li-Po 2000 mAh battery,About 130 EUR
25,Acer Liquid Z220,0,"2015, March",120 g (4.23 oz),Capacitive touchscreen,"4.0 inches, 45.5 cm2 (~56.8% screen-to-body ratio)","480 x 800 pixels, 5:3 ratio (~233 ppi density)",Dual-core 1.2 GHz Cortex-A7,"8 GB, 1 GB RAM","8 GB, 1 GB RAM","5 MP, AF",2 MP,"4.0, A2DP",Removable Li-Ion 1300 mAh battery,About 90 EUR
26,Acer Liquid M220,0,"2015, March",119 g (4.20 oz),TFT capacitive touchscreen,"4.0 inches, 45.5 cm2 (~57.0% screen-to-body ratio)","480 x 800 pixels, 5:3 ratio (~233 ppi density)",Dual-core 1.2 GHz Cortex-A7,"4 GB, 512 MB RAM - Liquid M2208 GB, 1 GB RAM - Liquid M220 Plus","4 GB, 512 MB RAM - Liquid M2208 GB, 1 GB RAM - Liquid M220 Plus","5 MP, AF",2 MP,"4.0, A2DP",Removable Li-Ion 1300 mAh battery,About 80 EUR
27,Acer Liquid Z410,1,"2015, January",145 g (5.11 oz),"IPS LCD capacitive touchscreen, 16M colors","4.5 inches, 55.8 cm2 (~61.5% screen-to-body ratio)","540 x 960 pixels, 16:9 ratio (~245 ppi density)",Quad-core 1.3 GHz Cortex-A53,"8 GB, 1 GB RAM16 GB, 2 GB RAM","8 GB, 1 GB RAM16 GB, 2 GB RAM","5 MP, AF",2 MP,"4.0, A2DP",Removable Li-Po 2000 mAh battery,About 130 EUR
28,Acer Liquid Jade S,1,"2014, December",116 g (4.09 oz),"IPS LCD capacitive touchscreen, 16M colors","5.0 inches, 68.9 cm2 (~69.8% screen-to-body ratio)","720 x 1280 pixels, 16:9 ratio (~294 ppi density)",Octa-core 1.5 GHz Cortex-A53,"16 GB, 2 GB RAM","16 GB, 2 GB RAM","13 MP, AF,","5 MP, f/2.","4.0, A2DP, EDR",Non-removable Li-Ion 2300 mAh battery,About 200 EUR
29,Acer Liquid Z500,0,"2014, September",150 g (5.29 oz),"IPS LCD capacitive touchscreen, 16M colors","5.0 inches, 68.9 cm2 (~65.1% screen-to-body ratio)","720 x 1280 pixels, 16:9 ratio (~294 ppi density)",Quad-core 1.3 GHz Cortex-A7,"4 GB, 1 GB RAM16 GB, 2 GB RAM","4 GB, 1 GB RAM16 GB, 2 GB RAM","8 MP, AF",2 MP,"4.0, A2DP, EDR",Non-removable Li-Ion 2000 mAh battery,About 150 EUR
30,Acer Liquid X1,1,"2014, June",164 g (5.78 oz),"IPS LCD capacitive touchscreen, 16M colors","5.7 inches, 89.6 cm2 (~72.7% screen-to-body ratio)","720 x 1280 pixels, 16:9 ratio (~258 ppi density)",Octa-core 1.7 GHz Cortex-A7,"16 GB, 2 GB RAM","16 GB, 2 GB RAM","13 MP, AF",2 MP,"4.0, A2DP",Removable Li-Ion 2700 mAh battery,About 260 EUR
31,Acer Liquid Jade,0,"2014, June",110 g (3.88 oz),"IPS LCD capacitive touchscreen, 16M colors","5.0 inches, 68.9 cm2 (~71.1% screen-to-body ratio)","720 x 1280 pixels, 16:9 ratio (~294 ppi density)",Quad-core 1.3 GHz Cortex-A7,"8 GB, 1 GB RAM - Liquid Jade16 GB, 2 GB RAM - Liquid Jade Plus","8 GB, 1 GB RAM - Liquid Jade16 GB, 2 GB RAM - Liquid Jade Plus","13 MP, AF",2 MP,"4.0, A2DP",Non-removable Li-Ion 2100 mAh battery,About 180 EUR
32,Acer Liquid E700,0,"2014, June",155 g (5.47 oz),"IPS LCD capacitive touchscreen, 16M colors","5.0 inches, 68.9 cm2 (~64.1% screen-to-body ratio)","720 x 1280 pixels, 16:9 ratio (~294 ppi density)",Quad-core 1.2 GHz Cortex-A7,"16 GB, 2 GB RAM or 4 GB, 1 GB RAM","16 GB, 2 GB RAM or 4 GB, 1 GB RAM","8 MP, AF",2 MP,"4.0, A2DP",Non-removable Li-Ion 3500 mAh battery,About 200 EUR
33,Acer Liquid E600,1,"2014, June",155 g (5.47 oz),"IPS LCD capacitive touchscreen, 16M colors","5.0 inches, 68.9 cm2 (~65.1% screen-to-body ratio)","480 x 854 pixels, 16:9 ratio (~196 ppi density)",Quad-core 1.2 GHz Cortex-A7,"4 GB, 1 GB RAM16 GB, 2 GB RAM","4 GB, 1 GB RAM16 GB, 2 GB RAM","8 MP, AF",2 MP or VG,"4.0, A2DP",Non-removable Li-Ion 2500 mAh battery,About 200 EUR
34,Acer Liquid Z200,0,"2014, June",130 g (4.59 oz),TFT capacitive touchscreen,"4.0 inches, 45.5 cm2 (~55.6% screen-to-body ratio)","480 x 800 pixels, 5:3 ratio (~233 ppi density)",Dual-core 1.0 GHz Cortex-A7,"4 GB, 512 MB RAM","4 GB, 512 MB RAM",2 MP,No,"4.0, A2DP",Removable Li-Ion 1300 mAh battery,About 90 EUR
35,Acer Iconia Tab 8 A1-840FHD,0,"2014, June",360 g (12.70 oz),"IPS LCD capacitive touchscreen, 16M colors","8.0 inches, 185.6 cm2 (~66.4% screen-to-body ratio)","1200 x 1920 pixels, 16:10 ratio (~283 ppi density)",Quad-core 1.86 GHz,"16/32 GB, 2 GB RAM","16/32 GB, 2 GB RAM",5 MP,2 MP,"4.0, A2DP",Non-removable Li-Ion 4600 mAh battery,About 200 EUR
36,Acer Iconia Tab 7 A1-713HD,0,"2014, April",298 g (10.51 oz),IPS LCD capacitive touchscreen,"7.0 inches, 142.1 cm2 (~66.4% screen-to-body ratio)","800 x 1280 pixels, 16:10 ratio (~216 ppi density)",Quad-core,"16 GB, 1 GB RAM","16 GB, 1 GB RAM",5 MP,Yes,"4.0, A2DP",Non-removable Li-Ion 3400 mAh battery,About 150 EUR
37,Acer Iconia Tab 7 A1-713,0,"2014, April",298 g (10.51 oz),TFT capacitive touchscreen,"7.0 inches, 137.9 cm2 (~64.5% screen-to-body ratio)","600 x 1024 pixels, 16:9 ratio (~170 ppi density)",Quad-core,"16 GB, 1 GB RAM","16 GB, 1 GB RAM",2 MP,Yes,"4.0, A2DP",Non-removable Li-Ion 3400 mAh battery,About 110 EUR
38,Acer Iconia One 7 B1-730,0,"2014, April",-,IPS LCD capacitive touchscreen,"7.0 inches, 142.1 cm2 (~66.4% screen-to-body ratio)","800 x 1280 pixels, 16:10 ratio (~216 ppi density)",Dual-core 1.6 GHz,"8 GB, 1 GB RAM","8 GB, 1 GB RAM",5 MP,Yes,"4.0, A2DP",Non-removable Li-Ion 3700 mAh battery,About 90 EUR
39,Acer Liquid E3 Duo Plus,0,"2014, Q3",-,"IPS LCD capacitive touchscreen, 16M colors","4.7 inches, 60.9 cm2 (~64.0% screen-to-body ratio)","720 x 1280 pixels, 16:9 ratio (~312 ppi density)",Quad-core 1.2 GHz Cortex-A7,"16 GB, 2 GB RAM","16 GB, 2 GB RAM","13 MP, AF",2 MP,"4.0, A2DP",Non-removable Li-Ion 2000 mAh battery,About 240 EUR
40,alcatel 7,1,"2018, August",175 g (6.17 oz),"IPS LCD capacitive touchscreen, 16M colors","6.0 inches, 93.8 cm2 (~77.1% screen-to-body ratio)","1080 x 2180 pixels, 18:9 ratio (~402 ppi density)",Octa-core 2.5 GHz Cortex-A53,"32 GB, 2 RAM","32 GB, 2 RAM","12 MP, f/2","8 MP, f/2.","4.0, A2DP, LE",Non-removable Li-Ion 4000 mAh battery,About 180 USD
41,alcatel 5v,0,"2018, July",158 g (5.57 oz),"IPS LCD capacitive touchscreen, 16M colors","6.2 inches, 96.7 cm2 (~84.5% screen-to-body ratio)",720 x 1500 pixels (~268 ppi density),Octa-core 2.0 GHz Cortex-A53,"32 GB, 3 RAM","32 GB, 3 RAM","12 MP, f/2","8 MP, f/2.","4.0, A2DP, LE",Non-removable Li-Ion 4000 mAh battery,About 180 EUR
42,alcatel 5,1,"2018, February",144 g (5.08 oz),"IPS LCD capacitive touchscreen, 16M colors","5.7 inches, 83.8 cm2 (~77.4% screen-to-body ratio)","720 x 1440 pixels, 18:9 ratio (~282 ppi density)",Octa-core (4x1.5 GHz Cortex-A53 & 4x1.0 GHz Cortex-A53),"32 GB, 3 GB RAM (5086D/Y) or 16 GB, 2 GB RAM (5086A)","32 GB, 3 GB RAM (5086D/Y) or 16 GB, 2 GB RAM (5086A)","12 MP, f/2","13 MP, f/2","4.2, A2DP, LE",Non-removable Li-Ion 3000 mAh battery,About 230 EUR
43,alcatel 3v,1,"2018, February",155 g (5.47 oz),"IPS LCD capacitive touchscreen, 16M colors","6.0 inches, 92.9 cm2 (~75.5% screen-to-body ratio)","1080 x 2160 pixels, 18:9 ratio (~402 ppi density)",Quad-core 1.45 GHz Cortex-A53,"16/32 GB, 2 GB RAM","16/32 GB, 2 GB RAM","12 MP, f/2",5 MP,"4.2, A2DP, LE",Non-removable Li-Ion 3000 mAh battery,About 160 EUR
44,alcatel 3x,1,"2018, February",144 g (5.08 oz),"IPS LCD capacitive touchscreen, 16M colors","5.7 inches, 83.8 cm2 (~76.3% screen-to-body ratio)","720 x 1440 pixels, 18:9 ratio (~282 ppi density)",Quad-core 1.3 GHz Cortex-A53,"32 GB, 3 GB RAM (5058J/I/Y) or 16 GB, 2 GB RAM (5058A/T)","32 GB, 3 GB RAM (5058J/I/Y) or 16 GB, 2 GB RAM (5058A/T)",,,"4.2, A2DP, LE",Non-removable Li-Ion 3000 mAh battery,About 130 EUR
45,alcatel 3,1,"2018, February",145 g (5.11 oz),"IPS LCD capacitive touchscreen, 16M colors","5.5 inches, 78.1 cm2 (~77.1% screen-to-body ratio)","720 x 1440 pixels, 18:9 ratio (~293 ppi density)",Quad-core 1.3 GHz Cortex-A53,"16 GB, 2 GB RAM","16 GB, 2 GB RAM","13 MP, f/2",5 MP,"4.2, A2DP, LE",Non-removable Li-Ion 3000 mAh battery,About 170 EUR
46,alcatel 1x,1,"2018, February",151 g (5.33 oz),"IPS LCD capacitive touchscreen, 16M colors","5.3 inches, 72.5 cm2 (~69.6% screen-to-body ratio)","480 x 960 pixels, 18:9 ratio (~203 ppi density)",Quad-core 1.3 GHz Cortex-A53,"16 GB, 1 GB RAM or 2 GB RAM (5059D only)","16 GB, 1 GB RAM or 2 GB RAM (5059D only)","8 MP, f/2.",5 MP,"4.2, A2DP, LE",Li-Ion 2460 mAh battery,About 100 EUR
47,alcatel 3c,1,"2018, January",169 g (5.96 oz),"IPS LCD capacitive touchscreen, 16M colors","6.0 inches, 92.9 cm2 (~75.9% screen-to-body ratio)","720 x 1440 pixels, 18:9 ratio (~268 ppi density)",Quad-core 1.3 GHz Cortex-A7,"16 GB, 1 GB RAM","16 GB, 1 GB RAM","8 MP, AF",5 MP,"4.2, A2DP, LE",Non-removable Li-Ion 3000 mAh battery,About 130 EUR
48,alcatel 1T 10,0,"2018, February",415 g (14.64 oz),"TFT capacitive touchscreen, 16M colors","10.1 inches, 295.8 cm2 (~74.8% screen-to-body ratio)","1280 x 800 pixels, 16:10 ratio (~149 ppi density)",Quad-core 1.3 GHz Cortex-A7,"16 GB, 1 GB RAM","16 GB, 1 GB RAM",2 MP,2 MP,"4.2, A2DP",Non-removable Li-Ion 4000 mAh battery,About 100 EUR
49,alcatel 1T 7,0,"2018, February",245 g (8.64 oz),"TFT capacitive touchscreen, 16M colors","7.0 inches, 137.9 cm2 (~65.6% screen-to-body ratio)","1024 x 600 pixels, 16:9 ratio (~170 ppi density)",Quad-core 1.3 GHz Cortex-A7,"8 GB, 1 GB RAM","8 GB, 1 GB RAM",2 MP,VGA,"4.2, A2DP",Non-removable Li-Ion 2580 mAh battery,About 70 EUR
50,alcatel Idol 5s,1,"2017, September",147 g (5.19 oz),"IPS LCD capacitive touchscreen, 16M colors","5.2 inches, 74.5 cm2 (~69.7% screen-to-body ratio)","1080 x 1920 pixels, 16:9 ratio (~424 ppi density)",Octa-core (4x2.35 GHz Cortex-A53 & 4x1.65 GHz Cortex-A53),"32 GB, 3 GB RAM","32 GB, 3 GB RAM","12 MP, f/2","8 MP, f/2.","4.2, A2DP, LE",Non-removable Li-Ion 2850 mAh battery,About 140 EUR
51,alcatel Idol 5,1,"2017, September",155 g (5.47 oz),"LTPS IPS LCD capacitive touchscreen, 16M colors","5.2 inches, 74.9 cm2 (~69.3% screen-to-body ratio)","1080 x 1920 pixels, 16:9 ratio (~423 ppi density)",Quad-core 1.3 GHz Cortex-A53,"16 GB, 3 GB RAM","16 GB, 3 GB RAM","13 MP, f/2","5 MP, f/2.","4.2, A2DP, LE",Non-removable Li-Ion 2800 mAh battery,About 120 EUR
52,alcatel A7 XL,1,"2017, September",175 g (6.17 oz),"LTPS IPS LCD capacitive touchscreen, 16M colors","6.0 inches, 99.2 cm2 (~76.3% screen-to-body ratio)","1080 x 1920 pixels, 16:9 ratio (~367 ppi density)",Octa-core (4x1.5 GHz Cortex-A53 & 4x1.0 GHz Cortex-A53),"32 GB, 3 GB RAM","32 GB, 3 GB RAM","12 MP, PDA",5 MP,"4.2, A2DP, LE",Non-removable Li-Ion 4000 mAh battery,About 260 EUR
53,alcatel A7,1,"2017, September",164 (5.78 oz),"LTPS IPS LCD capacitive touchscreen, 16M colors","5.5 inches, 83.4 cm2 (~71.4% screen-to-body ratio)","1080 x 1920 pixels, 16:9 ratio (~401 ppi density)",Octa-core (4x1.5 GHz Cortex-A53 & 4x1.0 GHz Cortex-A53),"32 GB, 3 GB RAM","32 GB, 3 GB RAM","16 MP, f/2",8 MP,"4.2, A2DP, LE",Non-removable Li-Ion 4000 mAh battery,About 190 EUR
54,alcatel U5 HD,1,"2017, August",129 g (4.55 oz),"IPS LCD capacitive touchscreen, 16M colors","5.0 inches, 68.9 cm2 (~68.1% screen-to-body ratio)","720 x 1280 pixels, 16:9 ratio (~294 ppi density)",Quad-core 1.1 GHz Cortex-A53,"8 GB, 1 GB RAM","8 GB, 1 GB RAM","13 MP, AF",8 MP,"4.2, A2DP, LE",Non-removable Li-Ion 2200 mAh battery,
55,alcatel Pulsemix,1,"2017, August",145.7 (5.15 oz),"IPS LCD capacitive touchscreen, 16M colors","5.2 inches, 74.5 cm2 (~71.0% screen-to-body ratio)","720 x 1280 pixels, 16:9 ratio (~282 ppi density)",Quad-core 1.5 GHz Cortex-A53,"16 GB, 2 GB RAM","16 GB, 2 GB RAM","8 MP, AF, ",2 MP,"4.2, A2DP, LE",Non-removable Li-Ion 2800 mAh battery,About 80 USD
56,alcatel Idol 5s (USA),1,"2017, June",148.8 g (5.26 oz),"IPS LCD capacitive touchscreen, 16M colors","5.2 inches, 74.5 cm2 (~70.8% screen-to-body ratio)","1080 x 1920 pixels, 16:9 ratio (~424 ppi density)",Octa-core 2.0 GHz Cortex-A53,"32 GB, 3 GB RAM","32 GB, 3 GB RAM","12 MP, f/2","8 MP, f/2.","4.2, A2DP, LE",Non-removable Li-Ion 2620 mAh battery,About 250 USD
57,alcatel Flash (2017),1,"2017, April",155 g (5.47 oz),"IPS LCD capacitive touchscreen, 16M colors","5.5 inches, 83.4 cm2 (~72.5% screen-to-body ratio)","1080 x 1920 pixels, 16:9 ratio (~401 ppi density)","Deca-core (2x2.3 GHz Cortex-A72, 4x1.9 GHz Cortex-A53, 4x1.4 GHz Cortex-A53)","32 GB, 3 GB RAM","32 GB, 3 GB RAM","13 MP, f/2","8 MP, f/2.","4.1, A2DP",Non-removable Li-Ion 3100 mAh battery,
58,alcatel U5,1,"2017, February",-,"IPS LCD capacitive touchscreen, 16M colors","5.0 inches, 68.9 cm2 (~68.2% screen-to-body ratio)","480 x 854 pixels, 16:9 ratio (~196 ppi density)",Quad-core 1.1 GHz Cortex-A53,"8 GB, 1 GB RAM","8 GB, 1 GB RAM",5 MP,2 MP,"4.2, A2DP, LE",Non-removable Li-Ion 2050 mAh battery,About 100 EUR
59,alcatel A5 LED,1,"2017, February",-,"IPS LCD capacitive touchscreen, 16M colors","5.2 inches, 74.5 cm2 (~70.8% screen-to-body ratio)","720 x 1280 pixels, 16:9 ratio (~282 ppi density)",Octa-core 1.3 GHz Cortex-A53,"32 GB, 3 GB RAM or 16 GB, 2 GB RAM","32 GB, 3 GB RAM or 16 GB, 2 GB RAM","8 MP, AF, ",5 MP,"4.2, A2DP, LE",Non-removable Li-Ion 2800 mAh battery,About 200 EUR
60,alcatel A3,1,"2017, February",-,"IPS LCD capacitive touchscreen, 16M colors","5.0 inches, 68.9 cm2 (~68.8% screen-to-body ratio)","720 x 1280 pixels, 16:9 ratio (~294 ppi density)",Quad-core 1.25 GHz Cortex-A53,"16 GB, 1.5 GB RAM","16 GB, 1.5 GB RAM","13 MP, AF,",5 MP,"4.2, A2DP, LE",Non-removable Li-Ion 2460 mAh battery,About 150 EUR
61,alcatel A3 XL,1,"2017, January",-,"IPS FL LCD capacitive touchscreen, 16M colors","6.0 inches, 99.2 cm2 (~72.9% screen-to-body ratio)","720 x 1280 pixels, 16:9 ratio (~245 ppi density)",Quad-core 1.1 GHz Cortex-A7,"8/16 GB, 2 GB RAM","8/16 GB, 2 GB RAM",8 MP or 13,5 MP or 8 ,"4.2, A2DP, LE",Non-removable Li-Ion 3000 mAh battery,About 180 EUR
62,alcatel Shine Lite,1,"2016, September",156 g (5.50 oz),"IPS LCD capacitive touchscreen, 16M colors","5.0 inches, 68.9 cm2 (~68.4% screen-to-body ratio)","720 x 1280 pixels, 16:9 ratio (~294 ppi density)",Quad-core 1.3 GHz Cortex-A53,"16 GB, 2 GB RAM","16 GB, 2 GB RAM","13 MP, AF",5 MP,"4.2, A2DP, LE",Non-removable Li-Ion 2460 mAh battery,About 200 EUR
63,alcatel Pixi 4 Plus Power,0,"2016, September",202 g (7.13 oz),"IPS LCD capacitive touchscreen, 16M colors","5.5 inches, 83.4 cm2 (~70.1% screen-to-body ratio)","720 x 1280 pixels, 16:9 ratio (~267 ppi density)",,"8 GB, 1 GB RAM","8 GB, 1 GB RAM","8 MP, AF",5 MP,"4.0, A2DP",Non-removable Li-Ion 5000 mAh battery,
64,alcatel Fierce 4,1,"2016, August",163.9 g (5.78 oz),"IPS LCD capacitive touchscreen, 16M colors","5.5 inches, 83.4 cm2 (~71.8% screen-to-body ratio)","720 x 1280 pixels, 16:9 ratio (~267 ppi density)",Quad-core 1.1 GHz Cortex-A7,"16 GB, 2 GB RAM","16 GB, 2 GB RAM","8 MP, AF",5 MP,"4.1, A2DP, LE",Non-removable Li-Ion 2500 mAh battery,About 80 EUR
65,alcatel X1,1,"2015, December",140 g (4.94 oz),"Super AMOLED capacitive touchscreen, 16M colors","5.0 inches, 68.9 cm2 (~68.7% screen-to-body ratio)","720 x 1280 pixels, 16:9 ratio (~294 ppi density)",Octa-core (4x1.4 GHz Cortex-A53 & 4x1.0 GHz Cortex-A53),"16 GB, 2 GB RAM","16 GB, 2 GB RAM","13 MP, f/2","5 MP, f/2.","4.0, A2DP",Non-removable Li-Po 2150 mAh battery,About 200 EUR
66,alcatel Pixi 4 (5),0,"2016, June",148 g (5.22 oz),"IPS LCD capacitive touchscreen, 16M colors","5.0 inches, 68.9 cm2 (~67.3% screen-to-body ratio)","480 x 854 pixels, 16:9 ratio (~196 ppi density)",Quad-core 1.3 GHz,"8 GB, 1 GB RAM","8 GB, 1 GB RAM","8 MP, AF",5 MP,"4.0, A2DP",Removable Li-Ion 2000 mAh battery,About 60 EUR
67,alcatel Flash Plus 2,1,"2016, May",157g (5.54 oz),"IPS LCD capacitive touchscreen, 16M colors","5.5 inches, 83.4 cm2 (~71.5% screen-to-body ratio)","1080 x 1920 pixels, 16:9 ratio (~401 ppi density)",Octa-core (4x1.8 GHz Cortex-A53 & 4x1.0 GHz Cortex-A53),"32 GB, 3 GB RAM or 16 GB, 2 GB RAM","32 GB, 3 GB RAM or 16 GB, 2 GB RAM","13 MP, f/2",5 MP,"4.1, A2DP",Non-removable Li-Ion 3000 mAh battery,About 140 EUR
68,alcatel Pop 7 LTE,1,"2016, April",295.1 g (10.41 oz),"TFT capacitive touchscreen, 16M colors","7.0 inches, 137.9 cm2 (~65.3% screen-to-body ratio)","600 x 1024 pixels, 16:9 ratio (~170 ppi density)",Quad-core 1.1 GHz,"8 GB, 1 GB RAM","8 GB, 1 GB RAM",5 MP,2 MP,"4.1, A2DP, LE",Non-removable Li-Ion 3240 mAh battery,About 130 EUR
69,alcatel Pop 4S,1,"2016, February",-,"IPS LCD capacitive touchscreen, 16M colors","5.5 inches, 83.4 cm2 (~71.3% screen-to-body ratio)","1080 x 1920 pixels, 16:9 ratio (~401 ppi density)",Octa-core (4x1.8 GHz Cortex-A53 & 4x1.0 GHz Cortex-A53),"16 GB, 2 GB RAM","16 GB, 2 GB RAM","13 MP, f/2",5 MP,"4.2, A2DP",Non-removable Li-Ion 2960 mAh battery,About 150 EUR
70,alcatel Pop 4+,1,"2016, February",-,"IPS LCD capacitive touchscreen, 16M colors","5.5 inches, 83.4 cm2 (~71.7% screen-to-body ratio)","720 x 1280 pixels, 16:9 ratio (~267 ppi density)",Quad-core 1.1 GHz Cortex-A7,"16 GB, 1.5 GB RAM","16 GB, 1.5 GB RAM","8 MP, AF, ",5 MP,"4.1, A2DP",Removable Li-Ion 2500 mAh battery,About 110 EUR
71,alcatel Pop 4,1,"2016, February",-,"IPS LCD capacitive touchscreen, 16M colors","5.0 inches, 68.9 cm2 (~68.6% screen-to-body ratio)","720 x 1280 pixels, 16:9 ratio (~294 ppi density)",Quad-core 1.1 GHz Cortex-A7,"8 GB, 1 GB RAM","8 GB, 1 GB RAM","8 MP, AF",5 MP,"4.0, A2DP",Removable Li-Ion 2500 mAh battery,About 80 EUR
72,alcatel Idol 4s Windows,1,"2016, Q3",152 g (5.36 oz),"AMOLED capacitive touchscreen, 16M colors","5.5 inches, 83.4 cm2 (~71.9% screen-to-body ratio)","1080 x 1920 pixels, 16:9 ratio (~401 ppi density)",Quad-core (2x2.15 GHz Kryo & 2x1.6 GHz Kryo),"64 GB, 4 GB RAM","64 GB, 4 GB RAM","21 MP, PDA",8 MP,"4.1, A2DP, LE",Non-removable Li-Ion 3000 mAh battery,About 200 EUR
73,alcatel Idol 4s,1,"2016, February",149 g (5.26 oz),"AMOLED capacitive touchscreen, 16M colors","5.5 inches, 83.4 cm2 (~71.9% screen-to-body ratio)","1440 x 2560 pixels, 16:9 ratio (~534 ppi density)",Octa-core (4x1.8 GHz Cortex-A72 & 4x1.4 GHz Cortex-A53),"32 GB, 3 GB RAM","32 GB, 3 GB RAM","16 MP, PDA",8 MP,"4.2, A2DP, LE",Non-removable Li-Ion 3000 mAh battery,About 220 EUR
74,alcatel Idol 4,1,"2016, February",135 g (4.76 oz),"LTPS IPS LCD capacitive touchscreen, 16M colors","5.2 inches, 74.5 cm2 (~69.9% screen-to-body ratio)","1080 x 1920 pixels, 16:9 ratio (~424 ppi density)",Octa-core (4x1.7 GHz Cortex-A53 & 4x1.2 GHz Cortex-A53),"16 GB, 2 GB RAM - 6055Y, 6055K16 GB, 3 GB RAM - 6055B, 6055H, 6055I","16 GB, 2 GB RAM - 6055Y, 6055K16 GB, 3 GB RAM - 6055B, 6055H, 6055I","13 MP, PDA",8 MP,"4.2, A2DP, LE",Non-removable Li-Ion 2610 mAh battery,About 200 EUR
75,alcatel Fierce XL (Windows),1,"2016, January",174 g (6.14 oz),"IPS LCD capacitive touchscreen, 16M colors","5.5 inches, 83.4 cm2 (~70.6% screen-to-body ratio)","720 x 1280 pixels, 16:9 ratio (~267 ppi density)",Quad-core 1.1 GHz Cortex-A7,"16 GB, 2 GB RAM","16 GB, 2 GB RAM","8 MP, AF",2 MP,"4.1, A2DP",Non-removable Li-Ion 2500 mAh battery,
76,alcatel CareTime,0,"2016, January",-,OLED (single white color),"0.95 inches, 2.7 cm2 (~16.8% screen-to-body ratio)","96 x 64 pixels, 3:2 ratio (~121 ppi density)",,,,No,,"4.0, A2DP",Non-removable Li-Ion 380 mAh battery,
77,alcatel Pixi 4 (7),0,"2016, January",-,"TFT capacitive touchscreen, 16M colors","7.0 inches, 137.9 cm2 (~67.7% screen-to-body ratio)","600 x 1024 pixels, 16:9 ratio (~170 ppi density)",Quad-core 1.3 GHz Cortex-A7,"8 GB, 1 GB RAM","8 GB, 1 GB RAM",2 MP,VGA,"4.1, A2DP",Non-removable Li-Ion 2580 mAh battery,About 80 EUR
78,alcatel Pixi 4 (6) 3G,0,"2016, June",179 g (6.31 oz),"IPS LCD capacitive touchscreen, 16M colors","6.0 inches, 99.2 cm2 (~68.2% screen-to-body ratio)","540 x 960 pixels, 16:9 ratio (~184 ppi density)",Quad-core 1.3 GHz,"8 GB, 1 GB RAM","8 GB, 1 GB RAM","13 MP, AF",8 MP,"4.1, A2DP",Removable Li-Ion 2580 mAh battery,About 120 EUR
79,alcatel Pixi 4 (6),1,"2016, January",-,"IPS LCD capacitive touchscreen, 16M colors","6.0 inches, 99.2 cm2 (~71.8% screen-to-body ratio)","720 x 1280 pixels, 16:9 ratio (~245 ppi density)",Quad-core 1.1 GHz Cortex-A7,"8 GB, 1 GB RAM or 16 GB, 1.5 GB RAM","8 GB, 1 GB RAM or 16 GB, 1.5 GB RAM","8 MP, AF",5 MP,"4.1, A2DP",Removable Li-Ion 2580 mAh battery,About 100 EUR
80,Allview Allwatch Hybrid T,0,"2018, December",88 g (3.10 oz),LCD touchscreen,"1.22 inches, 4.8 cm2 (~21.6% screen-to-body ratio)","240 x 240 pixels, 1:1 ratio (~278 ppi density)",,,,No,,"4.2, A2DP, LE",Non-removable Li-Po 200 mAh battery,
81,Allview Allwatch Hybrid S,0,"2018, December",88 g (3.10 oz),LCD touchscreen,"1.22 inches, 4.8 cm2 (~21.6% screen-to-body ratio)","240 x 240 pixels, 1:1 ratio (~278 ppi density)",,,,No,,"4.2, A2DP, LE",Non-removable Li-Po 200 mAh battery,
82,Allview A10 Plus,0,"2018, November",150 g (5.29 oz),"IPS LCD capacitive touchscreen, 16M colors","5.34 inches, 73.6 cm2 (~67.9% screen-to-body ratio)","480 x 960 pixels, 18:9 ratio (~201 ppi density)",Quad-core 1.3 GHz Cortex-A7,"8 GB, 1 GB RAM","8 GB, 1 GB RAM","8 MP, AF",5 MP,"4.0, A2DP, LE",Li-Ion 2200 mAh battery,
83,Allview Soul X5 Style,1,"2018, November",168 g (5.93 oz),"IPS LCD capacitive touchscreen, 16M colors","6.2 inches, 96.7 cm2 (~80.7% screen-to-body ratio)",720 x 1500 pixels (~268 ppi density),Octa-core 2.0 GHz Cortex-A53,"32 GB, 3 GB RAM","32 GB, 3 GB RAM","13 MP, AF","8 MP, f/2.","5.0, A2DP, LE",Non-removable Li-Po 4000 mAh battery,About 220 EUR
84,Allview Allwatch V,0,"2018, June",39 g (1.38 oz),LCD touchscreen,"1.3 inches, 5.5 cm2 (~32.5% screen-to-body ratio)","240 x 240 pixels, 1:1 ratio (~261 ppi density)",,,,No,,"4.0, A2DP, LE",Non-removable Li-Po 130 mAh battery,
85,Allview Soul X5 Mini,1,"2018, August",156 g (5.50 oz),"IPS LCD capacitive touchscreen, 16M colors","5.67 inches, 81.0 cm2 (~77.2% screen-to-body ratio)",720 x 1498 pixels (~293 ppi density),Quad-core 1.3 GHz Cortex-A53,"16 GB, 2 GB RAM","16 GB, 2 GB RAM","13 MP, AF",5 MP,"4.2, A2DP, LE",Non-removable Li-Po 3050 mAh battery,
86,Allview P10 Style,1,"2018, October",140 g (4.94 oz),"IPS LCD capacitive touchscreen, 16M colors","5.34 inches, 73.6 cm2 (~72.1% screen-to-body ratio)","480 x 960 pixels, 18:9 ratio (~201 ppi density)",Quad-core 1.5 GHz Cortex-A53,"8 GB, 1 GB RAM","8 GB, 1 GB RAM","8 MP, AF",8 MP,"4.2, A2DP, LE",Non-removable Li-Po 2300 mAh battery,
87,Allview X5 Soul,1,"2018, August",185 g (6.53 oz),"IPS LCD capacitive touchscreen, 16M colors","5.86 inches, 85.7 cm2 (~79.9% screen-to-body ratio)","720 x 1520 pixels, 19:9 ratio (~287 ppi density)",Octa-core 2.0 GHz Cortex-A53,"32 GB, 4 GB RAM","32 GB, 4 GB RAM","16 MP, f/2","16 MP, f/2","4.2, A2DP, LE",Non-removable Li-Po 3000 mAh battery,
88,Allview Soul X5 Pro,1,"2018, June",210 g (7.41 oz),"IPS LCD capacitive touchscreen, 16M colors","6.2 inches, 96.9 cm2 (~82.8% screen-to-body ratio)","1080 x 2246 pixels, 18.7:9 ratio (~402 ppi density)",Octa-core (4x2.0 GHz Cortex-A73 & 4x2.0 GHz Cortex-A53),"32 GB, 4 GB RAM","32 GB, 4 GB RAM","16 MP, f/2","16 MP, f/2","4.2, A2DP, LE",Non-removable Li-Po 3000 mAh battery,About 330 EUR
89,Allview P8 Pro,1,"2018, January",186.5 g (6.60 oz),"IPS LCD capacitive touchscreen, 16M colors","5.5 inches, 83.4 cm2 (~72.5% screen-to-body ratio)","1080 x 1920 pixels, 16:9 ratio (~401 ppi density)",Quad-core 1.45 GHz Cortex-A53,"16 GB, 2 GB RAM","16 GB, 2 GB RAM","13 MP, AF",8 MP,"4.2, A2DP, LE",Non-removable Li-Po 3000 mAh battery,
90,Allview X4 Soul Infinity Plus,1,"2017, September",156 g (5.50 oz),"IPS LCD capacitive touchscreen, 16M colors","6.0 inches, 92.9 cm2 (~77.8% screen-to-body ratio)","1080 x 2160 pixels, 18:9 ratio (~402 ppi density)",Octa-core (4x2.4 GHz Cortex-A53 & 4x1.4 GHz Cortex-A53),"64 GB, 6 GB RAM","64 GB, 6 GB RAM","13 MP, 1/3",13 MP,"4.0, A2DP, EDR, LE",Non-removable Li-Po 3050 mAh battery,About 450 EUR
91,Allview X4 Soul Infinity L,1,"2017, September",155 g (5.47 oz),"IPS LCD capacitive touchscreen, 16M colors","5.7 inches, 83.8 cm2 (~76.0% screen-to-body ratio)","720 x 1440 pixels, 18:9 ratio (~282 ppi density)",Quad-core 1.45 GHz Cortex-A53,"16 GB, 2 GB RAM","16 GB, 2 GB RAM","13 MP, AF",5 MP,"4.0, A2DP, EDR",Non-removable Li-Po 3000 mAh battery,
92,Allview X4 Soul Infinity N,1,"2017, September",155 g (5.47 oz),"IPS LCD capacitive touchscreen, 16M colors","5.7 inches, 83.8 cm2 (~76.0% screen-to-body ratio)","720 x 1440 pixels, 18:9 ratio (~282 ppi density)",Octa-core (4x1.5 GHz Cortex-A53 & 4x1.0 GHz Cortex-A53),"32 GB, 4 GB RAM","32 GB, 4 GB RAM","16 MP, PDA",8 MP,"4.0, A2DP, EDR",Non-removable Li-Po 3000 mAh battery,
93,Allview X4 Soul Infinity S,1,"2017, September",155 g (5.47 oz),"IPS LCD capacitive touchscreen, 16M colors","5.7 inches, 83.8 cm2 (~76.0% screen-to-body ratio)","720 x 1440 pixels, 18:9 ratio (~282 ppi density)",Octa-core (4x1.5 GHz Cortex-A53 & 4x1.0 GHz Cortex-A53),"16 GB, 3 GB RAM","16 GB, 3 GB RAM","13 MP, PDA",8 MP,"4.0, A2DP, EDR",Non-removable Li-Po 3000 mAh battery,
94,Allview X4 Soul Infinity Z,1,"2017, September",155 g (5.47 oz),"IPS LCD capacitive touchscreen, 16M colors","5.7 inches, 83.8 cm2 (~76.0% screen-to-body ratio)","720 x 1440 pixels, 18:9 ratio (~282 ppi density)",Octa-core (4x1.5 GHz Cortex-A53 & 4x1.0 GHz Cortex-A53),"32 GB, 4 GB RAM","32 GB, 4 GB RAM","13 MP, PDA",8 MP,"4.0, A2DP, EDR",Non-removable Li-Po 3000 mAh battery,
95,Allview X4 Soul Vision,1,"2017, September",202 g (7.13 oz),"IPS LCD capacitive touchscreen, 16M colors","5.5 inches, 83.4 cm2 (~72.0% screen-to-body ratio)","1080 x 1920 pixels, 16:9 ratio (~401 ppi density)",Octa-core (4x1.5 GHz Cortex-A53 & 4x1.0 GHz Cortex-A53),"32 GB, 3 GB RAM","32 GB, 3 GB RAM","13 MP, 1/3",8 MP,"4.0, A2DP, EDR, LE",Non-removable Li-Po 4000 mAh battery,
96,Allview V3 Viper,1,"2018, January",143.6 g (5.08 oz),"IPS LCD capacitive touchscreen, 16M colors","5.5 inches, 78.1 cm2 (~73.3% screen-to-body ratio)","720 x 1440 pixels, 18:9 ratio (~293 ppi density)",Quad-core 1.3 GHz Cortex-A53,"32 GB, 3 GB RAM","32 GB, 3 GB RAM","13 MP, AF",13 MP,"4.2, A2DP, LE",Non-removable Li-Po 3000 mAh battery,About 220 EUR
97,Allview X4 Soul Mini S,1,"2017, June",145 g (5.11 oz),"IPS LCD capacitive touchscreen, 16M colors","5.0 inches, 68.9 cm2 (~67.4% screen-to-body ratio)","720 x 1280 pixels, 16:9 ratio (~294 ppi density)",Quad-core 1.25 GHz Cortex-A53,"16 GB, 1 GB RAM","16 GB, 1 GB RAM","8 MP, AF",8 MP,"4.0, A2DP, EDR",Non-removable Li-Po 2500 mAh battery,About 150 EUR
98,Allview X4 Xtreme,1,"2017, June",226.9 g (8.01 oz),"IPS LCD capacitive touchscreen, 16M colors","6.0 inches, 99.2 cm2 (~71.6% screen-to-body ratio)","1080 x 1920 pixels, 16:9 ratio (~367 ppi density)",Octa-core (4x2.5 GHz Cortex-A53 & 4x1.4 GHz Cortex-A53),"64 GB, 4 GB RAM","64 GB, 4 GB RAM","13 MP, PDA",20 MP,"4.0, A2DP, EDR",Non-removable Li-Po 4550 mAh battery,
99,Allview P9 Energy Lite (2017),1,"2017, June",161 g (5.68 oz),"IPS LCD capacitive touchscreen, 16M colors","5.2 inches, 74.5 cm2 (~69.2% screen-to-body ratio)","720 x 1280 pixels, 16:9 ratio (~282 ppi density)",Octa-core 1.3 GHz Cortex-A53,"32 GB, 3 GB RAM","32 GB, 3 GB RAM","13 MP, AF",8 MP,"4.0, A2DP, EDR",Non-removable Li-Po 4000 mAh battery,
100,Allview X4 Soul Lite,1,"2017, June",150.4 g (5.29 oz),"LTPS IPS LCD capacitive touchscreen, 16M colors","5.5 inches, 83.4 cm2 (~70.7% screen-to-body ratio)","1080 x 1920 pixels, 16:9 ratio (~401 ppi density)",Octa-core (4x1.5 GHz Cortex-A53 & 4x1.0 GHz Cortex-A53),"32 GB, 4 GB RAM or 16 GB, 3 GB RAM","32 GB, 4 GB RAM or 16 GB, 3 GB RAM","13 MP, 1/3",8 MP,"4.0, A2DP, EDR, LE",Non-removable Li-Po 3000 mAh battery,
101,Allview X4 Soul Mini,1,"2017, April",144 g (5.08 oz),"IPS LCD capacitive touchscreen, 16M colors","5.0 inches, 68.9 cm2 (~65.0% screen-to-body ratio)","720 x 1280 pixels, 16:9 ratio (~294 ppi density)",Quad-core 1.25 GHz Cortex-A53,"16 GB, 2/3 GB RAM","16 GB, 2/3 GB RAM","13 MP, 1/3",8 MP,"4.0, A2DP, EDR",Non-removable Li-Po 2500 mAh battery,
102,Allview X4 Soul Style,1,"2017, March",181 g (6.38 oz),"IPS LCD capacitive touchscreen, 16M colors","5.5 inches, 83.4 cm2 (~71.5% screen-to-body ratio)","1080 x 1920 pixels, 16:9 ratio (~401 ppi density)",Octa-core (4x2.0 GHz Cortex-A53 & 4x1.0 GHz Cortex-A53),"64 GB, 4 GB RAM","64 GB, 4 GB RAM","13 MP, 1/3",16 MP,"4.0, A2DP, EDR, LE",Non-removable Li-Po 4010 mAh battery,
103,Allview P6 Energy Mini,1,"2017, March",175 g (6.17 oz),IPS LCD capacitive touchscreen,"5.0 inches, 68.9 cm2 (~66.5% screen-to-body ratio)","480 x 854 pixels, 16:9 ratio (~196 ppi density)",Quad-core 1.1 GHz Cortex-A53,"8 GB, 1 GB RAM","8 GB, 1 GB RAM",5 MP,2 MP,"4.0, A2DP, EDR",Li-Ion 2950 mAh battery,
104,Allview X4 Soul,1,"2017, February",167.5 g (5.93 oz),"LTPS IPS LCD capacitive touchscreen, 16M colors","5.5 inches, 83.4 cm2 (~70.8% screen-to-body ratio)","1080 x 1920 pixels, 16:9 ratio (~401 ppi density)",Octa-core (4x2.0 GHz Cortex-A53 & 4x1.0 GHz Cortex-A53),"64 GB, 4 GB RAM","64 GB, 4 GB RAM","13 MP, 1/3",13 MP,"4.0, A2DP, EDR, LE",Non-removable Li-Po 3000 mAh battery,About 420 EUR
105,Allview Allwatch,0,"2016, November",40 g (1.41 oz),Monochrome,"1.28 inches, 5.3 cm2 (~43.7% screen-to-body ratio)","128 x 128 pixels, 1:1 ratio (~141 ppi density)",,,,No,,"4.0, A2DP",Non-removable Li-Po 100 mAh battery,
106,Allview V2 Viper Xe,1,"2016, October",178 g (6.28 oz),"IPS LCD capacitive touchscreen, 16M colors","5.5 inches, 83.4 cm2 (~70.5% screen-to-body ratio)","720 x 1280 pixels, 16:9 ratio (~267 ppi density)",Quad-core 1.45 GHz Cortex-A53,"16 GB, 3 GB RAM","16 GB, 3 GB RAM","13 MP, PDA",8 MP,"4.0, A2DP, EDR",Non-removable Li-Po 3150 mAh battery,
107,Allview V2 Viper S,1,"2016, October",141.6 g (5.01 oz),"LTPS IPS LCD capacitive touchscreen, 16M colors","5.5 inches, 83.4 cm2 (~76.7% screen-to-body ratio)","1080 x 1920 pixels, 16:9 ratio (~401 ppi density)",Octa-core 1.3 GHz Cortex-A53,"32 GB, 3 GB RAM","32 GB, 3 GB RAM","16 MP, PDA",5 MP,"4.0, A2DP, EDR",Removable Li-Po 3000 mAh battery,
108,Allview P9 Energy mini,1,"2016, September",181 g (6.38 oz),"IPS LCD capacitive touchscreen, 16M colors","5.0 inches, 68.9 cm2 (~67.4% screen-to-body ratio)","720 x 1280 pixels, 16:9 ratio (~294 ppi density)",Quad-core 1.3 GHz Cortex-A53,"16 GB, 3 GB RAM","16 GB, 3 GB RAM","13 MP, PDA",5 MP,"4.0, A2DP, EDR",Removable Li-Ion 4000 mAh battery,
109,Allview P9 Energy Lite,1,"2016, September",174 g (6.14 oz),"IPS LCD capacitive touchscreen, 16M colors","5.3 inches, 77.4 cm2 (~71.0% screen-to-body ratio)","720 x 1280 pixels, 16:9 ratio (~277 ppi density)",Octa-core (4x1.5 GHz Cortex-A53 & 4x1.0 GHz Cortex-A53),"32 GB, 3 GB RAM","32 GB, 3 GB RAM","13 MP, PDA",5 MP,"4.0, A2DP, EDR",Non-removable Li-Po 4000 mAh battery,
110,Allview P9 Energy,1,"2016, September",183 g (6.46 oz),"AMOLED capacitive touchscreen, 16M colors","5.5 inches, 83.4 cm2 (~72.7% screen-to-body ratio)","1080 x 1920 pixels, 16:9 ratio (~401 ppi density)",Octa-core (4x2.0 GHz Cortex-A53 & 4x1.0 GHz Cortex-A53),"64 GB, 4 GB RAM","64 GB, 4 GB RAM","13 MP, PDA",8 MP,"4.0, A2DP, EDR",Non-removable Li-Po 5000 mAh battery,
111,Allview P7 Pro,1,"2016, September",165 g (5.82 oz),"IPS LCD capacitive touchscreen, 16M colors","5.0 inches, 68.9 cm2 (~66.5% screen-to-body ratio)","720 x 1280 pixels, 16:9 ratio (~294 ppi density)",Quad-core 1.3 GHz Cortex-A53,"16 GB, 2 GB RAM","16 GB, 2 GB RAM","8 MP, PDAF",5 MP,"4.0, A2DP, EDR",Removable Li-Ion 2300 mAh battery,
112,Allview X3 Soul Style,1,"2016, June",162.2 g (5.71 oz),"IPS LCD capacitive touchscreen, 16M colors","5.5 inches, 83.4 cm2 (~71.4% screen-to-body ratio)","1080 x 1920 pixels, 16:9 ratio (~401 ppi density)",Octa-core 1.3 GHz Cortex-A53,"32 GB, 3 GB RAM","32 GB, 3 GB RAM","13 MP, PDA",8 MP,"4.0, A2DP, EDR",Non-removable Li-Po 3150 mAh battery,
113,Allview X3 Soul Plus,1,"2016, July",175 g (6.17 oz),"IPS LCD capacitive touchscreen, 16M colors","5.5 inches, 83.4 cm2 (~72.4% screen-to-body ratio)","1080 x 1920 pixels, 16:9 ratio (~401 ppi density)",Octa-core (4x1.8 GHz Cortex-A53 & 4x1.0 GHz Cortex-A53),"32 GB, 4 GB RAM","32 GB, 4 GB RAM","13 MP, PDA",8 MP,"4.0, A2DP, EDR",Non-removable Li-Po 3130 mAh battery,
114,Allview X3 Soul Lite,1,"2016, June",142.7 g (5.04 oz),"IPS LCD capacitive touchscreen, 16M colors","5.0 inches, 68.9 cm2 (~67.2% screen-to-body ratio)","720 x 1280 pixels, 16:9 ratio (~294 ppi density)",Quad-core 1.3 GHz Cortex-A53,"16 GB, 3 GB RAM","16 GB, 3 GB RAM","13 MP, PDA",5 MP,"4.0, A2DP, EDR",Removable Li-Po 2400 mAh battery,
115,Allview P6 Energy Lite,1,"2016, June",175 g (6.17 oz),IPS LCD capacitive touchscreen,"5.0 inches, 68.9 cm2 (~68.0% screen-to-body ratio)","480 x 854 pixels, 16:9 ratio (~196 ppi density)",Quad-core 1.3 GHz Cortex-A7,"8 GB, 1 GB RAM","8 GB, 1 GB RAM","8 MP, AF",2 MP,"4.0, A2DP, EDR",Non-removable Li-Po 4000 mAh battery,
116,Allview AX501Q,0,"2016, June",253.6 g (8.96 oz),"TN capacitive touchscreen, 16M colors","7.0 inches, 137.9 cm2 (~66.2% screen-to-body ratio)","600 x 1024 pixels, 16:9 ratio (~170 ppi density)",Quad-core 1.3 GHz Cortex-A7,"8 GB, 1 GB RAM","8 GB, 1 GB RAM",2 MP,2 MP,"4.0, A2DP",Non-removable Li-Po 2500 mAh battery,
117,Allview Viva H1001 LTE,1,"2016, March",510 g (1.12 lb),"IPS LCD capacitive touchscreen, 16M colors","10.1 inches, 295.8 cm2 (~74.1% screen-to-body ratio)","800 x 1280 pixels, 16:10 ratio (~149 ppi density)",Quad-core 1.0 GHz Cortex-A53,"8 GB, 1 GB RAM","8 GB, 1 GB RAM",5 MP,2 MP,"4.0, A2DP",Non-removable Li-Po 6000 mAh battery,
118,Allview V2 Viper i4G,1,"2016, April",144.5 g (5.11 oz),IPS LCD capacitive touchscreen,"5.0 inches, 68.9 cm2 (~66.7% screen-to-body ratio)","720 x 1280 pixels, 16:9 ratio (~294 ppi density)",Quad-core 1.3 GHz Cortex-A53,"16 GB, 2 GB RAM","16 GB, 2 GB RAM","8 MP, AF",5 MP,"4.0, A2DP, EDR",Removable Li-Ion 2300 mAh battery,
119,Allview V2 Viper e,0,"2016, April",133.2 g (4.69 oz),IPS LCD capacitive touchscreen,"4.5 inches, 55.8 cm2 (~64.1% screen-to-body ratio)","480 x 854 pixels, 16:9 ratio (~218 ppi density)",Quad-core 1.3 GHz Cortex-A7,"8 GB, 1 GB RAM","8 GB, 1 GB RAM","5 MP, AF",2 MP,"4.0, A2DP, EDR",Removable Li-Ion 1850 mAh battery,
